dataset,episode_index,n_frames,extraction_status,grasp_start,release_frame,window_start,window_end_exclusive,n_grasp_segments,transport_distance_m
insert_jc_fix_3,0,616,ok,195,512,491,506,1,0.20597192963287492
insert_jc_fix_3,1,571,ok,184,460,439,454,1,0.20708338351685304
insert_jc_fix_3,2,706,ok,192,519,498,513,1,0.19413155968176832
insert_jc_fix_3,3,630,ok,219,529,508,523,1,0.21219177305184853
insert_jc_fix_3,4,632,ok,209,441,420,435,1,0.2005228785117578
insert_jc_fix_3,5,623,ok,200,497,476,491,1,0.19959115460343888
insert_jc_fix_3,6,685,ok,176,439,418,433,1,0.20885979690318066
insert_jc_fix_3,7,581,ok,154,490,469,484,1,0.2063853678985823
insert_jc_fix_3,8,610,ok,235,543,522,537,1,0.1992205715431763
insert_jc_fix_3,9,601,ok,256,490,469,484,1,0.20693477458071374
insert_jc_fix_3,10,596,ok,170,498,477,492,1,0.19525028247212753
insert_jc_fix_3,11,550,ok,138,445,424,439,1,0.20307827859624616
insert_jc_fix_3,12,588,ok,222,517,496,511,1,0.21036187540334939
insert_jc_fix_3,13,464,ok,157,364,343,358,1,0.20029606170078162
insert_jc_fix_3,14,614,ok,212,536,515,530,1,0.19688604696146264
insert_jc_fix_3,15,556,ok,167,464,443,458,1,0.2079508831098428
insert_jc_fix_3,16,547,ok,180,381,360,375,1,0.19007094645879916
insert_jc_fix_3,17,539,ok,145,438,417,432,1,0.1953501866214023
insert_jc_fix_3,18,595,ok,224,497,476,491,1,0.20393865658861
insert_jc_fix_3,19,679,ok,248,500,479,494,1,0.19552572461482665
insert_jc_fix_3,20,594,ok,185,485,464,479,1,0.19661496697929565
insert_jc_fix_3,21,608,ok,202,523,502,517,1,0.20790537790835437
insert_jc_fix_3,22,550,ok,158,448,427,442,1,0.22666241478370316
insert_jc_fix_3,23,554,ok,156,481,460,475,1,0.1944844961155756
insert_jc_fix_3,24,498,ok,133,424,403,418,1,0.20459313804808854
insert_jc_fix_3,25,580,ok,132,456,435,450,1,0.20291858862814416
insert_jc_fix_3,26,530,ok,143,437,416,431,1,0.18647026744735476
insert_jc_fix_3,27,632,ok,198,505,484,499,1,0.21132218830068195
insert_jc_fix_3,28,575,ok,185,468,447,462,1,0.20298401808635821
insert_jc_fix_3,29,552,ok,176,469,448,463,1,0.19015547423001214
insert_jc_fix_3,30,563,ok,189,481,460,475,1,0.21197977869501164
insert_jc_fix_3,31,591,ok,141,435,414,429,1,0.20641759299322845
insert_jc_fix_3,32,625,ok,173,470,449,464,1,0.1964573573042734
insert_jc_fix_3,33,498,ok,135,428,407,422,1,0.2090682119861788
insert_jc_fix_3,34,574,ok,140,455,434,449,1,0.20234836073084547
insert_jc_fix_3,35,706,ok,254,633,612,627,1,0.19052439077610867
insert_jc_fix_3,36,528,ok,136,422,401,416,1,0.21411166811650395
insert_jc_fix_3,37,565,ok,160,485,464,479,1,0.20290379358036123
insert_jc_fix_3,38,550,ok,151,452,431,446,1,0.1972468959917986
insert_jc_fix_3,39,630,ok,216,543,522,537,1,0.20855202270861772
insert_jc_fix_3,40,527,ok,156,445,424,439,1,0.20298939629525128
insert_jc_fix_3,41,586,ok,167,459,438,453,1,0.19632056394456784
insert_jc_fix_3,42,537,ok,142,433,412,427,1,0.23911285530092025
insert_jc_fix_3,43,614,ok,199,522,501,516,1,0.20357605514260646
insert_jc_fix_3,44,547,ok,179,475,454,469,1,0.19801436907800185
insert_jc_fix_3,45,690,ok,247,579,558,573,1,0.21185620253314708
insert_jc_fix_3,46,621,ok,202,530,509,524,1,0.19988665814970144
insert_jc_fix_3,47,885,ok,231,799,778,793,1,0.197439713013474
insert_jc_fix_3,48,725,ok,203,637,616,631,1,0.20671001993877036
insert_jc_fix_3,49,719,ok,166,602,581,596,1,0.211245906775077
insert_10degree,0,1247,ok,352,1038,1017,1032,1,0.19401102372189438
insert_10degree,1,1195,ok,335,993,972,987,1,0.1927947479861175
insert_10degree,2,1101,ok,300,810,789,804,1,0.20389653214558306
insert_10degree,3,1023,ok,339,888,867,882,1,0.1926183120156175
insert_10degree,4,1455,ok,310,862,841,856,1,0.19846698242260197
insert_10degree,5,1063,ok,338,832,811,826,1,0.19548780592079867
insert_10degree,6,1026,ok,304,796,775,790,1,0.18437934803076464
insert_10degree,7,1069,ok,247,920,899,914,1,0.18502629088396438
insert_10degree,8,1005,ok,323,862,841,856,1,0.1893066197901728
insert_10degree,9,1055,ok,302,783,762,777,1,0.19248308060211097
insert_10degree,10,1115,ok,231,901,880,895,1,0.1966353107918961
insert_10degree,11,1151,ok,361,937,916,931,1,0.20103042705810928
insert_10degree,12,1187,ok,409,997,976,991,1,0.19271711302895342
insert_10degree,13,925,ok,274,750,729,744,1,0.18835242326773072
insert_10degree,14,895,ok,290,746,725,740,1,0.19785542983964144
insert_10degree,15,978,ok,340,798,777,792,1,0.20027185792806146
insert_10degree,16,1065,ok,370,843,822,837,1,0.1975171550118941
insert_10degree,17,1102,ok,250,734,713,728,1,0.1994031295113408
insert_10degree,18,916,ok,332,758,737,752,1,0.1958709881446977
insert_10degree,19,1070,ok,271,867,846,861,1,0.1917139731467494
insert_10degree,20,1096,ok,317,811,790,805,1,0.19909758256295804
insert_10degree,21,1063,ok,363,832,811,826,1,0.19149913881910657
insert_10degree,22,1119,ok,297,835,814,829,1,0.1959332285141971
insert_10degree,23,1078,ok,354,815,794,809,1,0.19773288233507005
insert_10degree,24,963,ok,268,746,725,740,1,0.19269259464882996
insert_10degree,25,821,ok,285,666,645,660,1,0.1915278317547253
insert_10degree,26,916,ok,296,706,685,700,1,0.18870315246501707
insert_10degree,27,884,ok,264,660,639,654,1,0.1956442588433984
insert_10degree,28,929,ok,250,750,729,744,1,0.19148405033432933
insert_10degree,29,1179,ok,294,852,831,846,1,0.19314122870745698
insert_10degree,30,950,ok,231,852,831,846,1,0.1890028360564243
insert_10degree,31,1014,ok,261,863,842,857,1,0.18364331807649156
insert_10degree,32,976,ok,304,759,738,753,1,0.18906109682158267
insert_10degree,33,773,ok,231,605,584,599,1,0.19508347002082707
insert_10degree,34,956,ok,277,820,799,814,1,0.19841478138616464
insert_10degree,35,841,ok,225,704,683,698,1,0.19285300738864847
insert_10degree,36,911,ok,275,727,706,721,1,0.20033187183051826
insert_10degree,37,900,ok,282,743,722,737,1,0.19094372209358848
insert_10degree,38,1200,ok,351,1017,996,1011,1,0.2008777615292762
insert_10degree,39,951,ok,253,706,685,700,1,0.19943690823245783
insert_10degree,40,1226,ok,397,1065,1044,1059,1,0.20321142654963392
insert_10degree,41,920,ok,298,775,754,769,1,0.20478319790465555
insert_10degree,42,874,ok,263,745,724,739,1,0.19386310195136322
insert_10degree,43,997,ok,315,851,830,845,1,0.19789719343313114
insert_10degree,44,1150,ok,389,1049,1028,1043,1,0.19874682128111834
insert_10degree,45,1154,ok,272,1016,995,1010,1,0.2054848215500593
insert_10degree,46,1335,ok,365,1193,1172,1187,1,0.198576516430352
insert_10degree,47,1022,ok,312,893,872,887,1,0.21123026834425687
insert_10degree,48,1091,ok,296,920,899,914,1,0.19133628269577288
insert_10degree,49,1744,ok,280,1614,1593,1608,1,0.1946004462487108
insert_10degree,50,1124,ok,291,990,969,984,1,0.18901195773533727
insert_10degree,51,1127,ok,348,921,900,915,1,0.19494521669083462
insert_10degree,52,1361,ok,329,1191,1170,1185,1,0.1949885169529573
insert_10degree,53,1056,ok,363,913,892,907,1,0.20452951695035151
insert_10degree,54,969,ok,270,796,775,790,1,0.19521546713308582
insert_10degree,55,907,ok,247,733,712,727,1,0.19434508779927226
insert_10degree,56,1097,ok,328,893,872,887,1,0.19490837421188464
insert_10degree,57,1098,ok,321,915,894,909,1,0.19745077565821254
insert_10degree,58,1094,ok,283,957,936,951,1,0.19593788321515734
insert_10degree,59,1131,ok,323,981,960,975,1,0.19921462129230758
insert_10degree,60,1175,ok,318,1006,985,1000,1,0.1950755074567969
insert_20degree,0,724,ok,164,628,607,622,1,0.1811539715562373
insert_20degree,1,927,ok,246,727,706,721,1,0.1589829733796945
insert_20degree,2,748,ok,242,578,557,572,1,0.17181546261030417
insert_20degree,3,773,ok,159,623,602,617,1,0.1686167519715834
insert_20degree,4,631,ok,174,474,453,468,1,0.1619702828249071
insert_20degree,5,703,ok,212,590,569,584,1,0.1467230522611945
insert_20degree,6,657,ok,188,508,487,502,1,0.16874242945454496
insert_20degree,7,838,ok,180,664,643,658,1,0.16028244239846792
insert_20degree,8,911,ok,168,789,768,783,1,0.17228459558612158
insert_20degree,9,646,ok,197,556,535,550,1,0.16746702819726444
insert_20degree,10,754,ok,214,613,592,607,1,0.16739371166973055
insert_20degree,11,808,ok,227,568,547,562,1,0.17486632939174426
insert_20degree,12,847,ok,227,678,657,672,1,0.17433994989212634
insert_20degree,13,846,ok,233,707,686,701,1,0.1681476678355123
insert_20degree,14,608,ok,164,460,439,454,1,0.181043340876165
insert_20degree,15,729,ok,225,641,620,635,1,0.16706326722195095
insert_20degree,16,580,ok,142,475,454,469,1,0.1645463792960307
insert_20degree,17,640,ok,184,545,524,539,1,0.18262784968127374
insert_20degree,18,591,ok,139,483,462,477,1,0.17387479888491122
insert_20degree,19,605,ok,194,510,489,504,1,0.15541047004999123
insert_20degree,20,695,ok,224,535,514,529,1,0.1746728227381535
insert_20degree,21,593,ok,173,510,489,504,1,0.16658304893926842
insert_20degree,22,670,ok,160,469,448,463,1,0.16073963816852305
insert_20degree,23,622,ok,184,471,450,465,1,0.17742346817063837
insert_20degree,24,637,ok,214,539,518,533,1,0.17825787350756667
insert_20degree,25,658,ok,220,512,491,506,1,0.17407038187218998
insert_20degree,26,570,ok,164,479,458,473,1,0.18326693520975149
insert_20degree,27,630,ok,217,535,514,529,1,0.17802143703356071
insert_20degree,28,660,ok,193,509,488,503,1,0.16962525418682223
insert_20degree,29,575,ok,172,487,466,481,1,0.18529550698757122
insert_20degree,30,861,ok,171,777,756,771,1,0.16968354953659423
insert_20degree,31,565,ok,145,458,437,452,1,0.17622436038726627
insert_20degree,32,612,ok,178,495,474,489,1,0.1793281799217811
insert_20degree,33,568,ok,134,453,432,447,1,0.16330886784941823
insert_20degree,34,556,ok,152,442,421,436,1,0.1650713191899395
insert_20degree,35,741,ok,169,501,480,495,1,0.17654660112242546
insert_20degree,36,543,ok,149,443,422,437,1,0.1708073284966441
insert_20degree,37,619,ok,208,533,512,527,1,0.1647507393282915
insert_20degree,38,643,ok,207,514,493,508,1,0.1806219822354607
insert_20degree,39,635,ok,153,468,447,462,1,0.1774605340422236
insert_20degree,40,564,ok,145,462,441,456,1,0.16790991271012035
insert_20degree,41,564,ok,143,460,439,454,1,0.18423567528978615
insert_20degree,42,478,ok,156,346,325,340,1,0.1691588624248034
insert_20degree,43,568,ok,156,449,428,443,1,0.17369893824660984
insert_20degree,44,549,ok,142,449,428,443,1,0.17624420506002939
insert_20degree,45,568,ok,150,465,444,459,1,0.16837275517066594
insert_20degree,46,685,ok,160,472,451,466,1,0.17311313457155106
insert_20degree,47,568,ok,141,441,420,435,1,0.1724368795085299
insert_20degree,48,558,ok,134,426,405,420,1,0.17621054368566957
insert_20degree,49,502,ok,150,363,342,357,1,0.17087368408343842
insert_20degree,50,586,ok,142,448,427,442,1,0.18947408625497877
insert_20degree,51,647,ok,177,494,473,488,1,0.1738060637464942
